{
    "loss": 13.14223861694336,
    "accuracy": 0.518207311630249
}