{
    "loss": 3.296384334564209,
    "accuracy": 0.7463323473930359
}